Order,GLUA0035_,ASPA0119_,Count,Occupancy,Sum_crg_protein
1.0,-1.0,-1.0,902236.0,0.601,7.0
2.0,-1.0,-1.0,545491.0,0.364,8.0
3.0,0.0,-1.0,18153.0,0.012,8.0
4.0,-1.0,-1.0,11926.0,0.008,8.0
5.0,0.0,-1.0,10356.0,0.007,9.0
6.0,-1.0,-1.0,7470.0,0.005,9.0
8.0,-1.0,-1.0,2214.0,0.001,6.0
7.0,-1.0,-1.0,1385.0,0.001,7.0
9.0,-1.0,0.0,250.0,0.0,8.0
10.0,-1.0,0.0,162.0,0.0,9.0
12.0,0.0,-1.0,161.0,0.0,9.0
13.0,0.0,-1.0,105.0,0.0,10.0
15.0,-1.0,-1.0,46.0,0.0,7.0
14.0,-1.0,0.0,30.0,0.0,9.0
11.0,-1.0,-1.0,15.0,0.0,8.0
