Order,NTRA0001_,LYSA0001_,HISA0015_,TYRA0020_,TYRA0023_,GLUA0035_,ASPA0119_,ARGA0005_,GLUA0007_,LYSA0013_,ARGA0014_,ASPA0018_,ARGA0021_,LYSA0033_,ARGA0045_,ASPA0048_,ASPA0052_,TYRA0053_,ARGA0061_,ASPA0066_,ARGA0068_,ARGA0073_,ASPA0087_,LYSA0096_,LYSA0097_,ASPA0101_,ARGA0112_,ARGA0114_,LYSA0116_,ARGA0125_,ARGA0128_,CTRA0129_,Count,Occupancy,Sum_crg_protein
1.0,0.0,1.0,0.0,0.0,0.0,-1.0,-1.0,1.0,-1.0,1.0,1.0,-1.0,1.0,1.0,1.0,-1.0,-1.0,0.0,1.0,-1.0,1.0,1.0,-1.0,1.0,1.0,-1.0,1.0,1.0,1.0,1.0,1.0,-1.0,902236.0,0.601,7.0
2.0,0.0,1.0,1.0,0.0,0.0,-1.0,-1.0,1.0,-1.0,1.0,1.0,-1.0,1.0,1.0,1.0,-1.0,-1.0,0.0,1.0,-1.0,1.0,1.0,-1.0,1.0,1.0,-1.0,1.0,1.0,1.0,1.0,1.0,-1.0,545491.0,0.364,8.0
3.0,0.0,1.0,0.0,0.0,0.0,0.0,-1.0,1.0,-1.0,1.0,1.0,-1.0,1.0,1.0,1.0,-1.0,-1.0,0.0,1.0,-1.0,1.0,1.0,-1.0,1.0,1.0,-1.0,1.0,1.0,1.0,1.0,1.0,-1.0,18153.0,0.012,8.0
4.0,1.0,1.0,0.0,0.0,0.0,-1.0,-1.0,1.0,-1.0,1.0,1.0,-1.0,1.0,1.0,1.0,-1.0,-1.0,0.0,1.0,-1.0,1.0,1.0,-1.0,1.0,1.0,-1.0,1.0,1.0,1.0,1.0,1.0,-1.0,11926.0,0.008,8.0
5.0,0.0,1.0,1.0,0.0,0.0,0.0,-1.0,1.0,-1.0,1.0,1.0,-1.0,1.0,1.0,1.0,-1.0,-1.0,0.0,1.0,-1.0,1.0,1.0,-1.0,1.0,1.0,-1.0,1.0,1.0,1.0,1.0,1.0,-1.0,10356.0,0.007,9.0
6.0,1.0,1.0,1.0,0.0,0.0,-1.0,-1.0,1.0,-1.0,1.0,1.0,-1.0,1.0,1.0,1.0,-1.0,-1.0,0.0,1.0,-1.0,1.0,1.0,-1.0,1.0,1.0,-1.0,1.0,1.0,1.0,1.0,1.0,-1.0,7470.0,0.005,9.0
7.0,0.0,0.0,1.0,0.0,0.0,-1.0,-1.0,1.0,-1.0,1.0,1.0,-1.0,1.0,1.0,1.0,-1.0,-1.0,0.0,1.0,-1.0,1.0,1.0,-1.0,1.0,1.0,-1.0,1.0,1.0,1.0,1.0,1.0,-1.0,1385.0,0.001,7.0
8.0,0.0,0.0,0.0,0.0,0.0,-1.0,-1.0,1.0,-1.0,1.0,1.0,-1.0,1.0,1.0,1.0,-1.0,-1.0,0.0,1.0,-1.0,1.0,1.0,-1.0,1.0,1.0,-1.0,1.0,1.0,1.0,1.0,1.0,-1.0,2214.0,0.001,6.0
9.0,0.0,1.0,0.0,0.0,0.0,-1.0,0.0,1.0,-1.0,1.0,1.0,-1.0,1.0,1.0,1.0,-1.0,-1.0,0.0,1.0,-1.0,1.0,1.0,-1.0,1.0,1.0,-1.0,1.0,1.0,1.0,1.0,1.0,-1.0,250.0,0.0,8.0
10.0,0.0,1.0,1.0,0.0,0.0,-1.0,0.0,1.0,-1.0,1.0,1.0,-1.0,1.0,1.0,1.0,-1.0,-1.0,0.0,1.0,-1.0,1.0,1.0,-1.0,1.0,1.0,-1.0,1.0,1.0,1.0,1.0,1.0,-1.0,162.0,0.0,9.0
11.0,1.0,0.0,1.0,0.0,0.0,-1.0,-1.0,1.0,-1.0,1.0,1.0,-1.0,1.0,1.0,1.0,-1.0,-1.0,0.0,1.0,-1.0,1.0,1.0,-1.0,1.0,1.0,-1.0,1.0,1.0,1.0,1.0,1.0,-1.0,15.0,0.0,8.0
12.0,1.0,1.0,0.0,0.0,0.0,0.0,-1.0,1.0,-1.0,1.0,1.0,-1.0,1.0,1.0,1.0,-1.0,-1.0,0.0,1.0,-1.0,1.0,1.0,-1.0,1.0,1.0,-1.0,1.0,1.0,1.0,1.0,1.0,-1.0,161.0,0.0,9.0
13.0,1.0,1.0,1.0,0.0,0.0,0.0,-1.0,1.0,-1.0,1.0,1.0,-1.0,1.0,1.0,1.0,-1.0,-1.0,0.0,1.0,-1.0,1.0,1.0,-1.0,1.0,1.0,-1.0,1.0,1.0,1.0,1.0,1.0,-1.0,105.0,0.0,10.0
14.0,1.0,1.0,0.0,0.0,0.0,-1.0,0.0,1.0,-1.0,1.0,1.0,-1.0,1.0,1.0,1.0,-1.0,-1.0,0.0,1.0,-1.0,1.0,1.0,-1.0,1.0,1.0,-1.0,1.0,1.0,1.0,1.0,1.0,-1.0,30.0,0.0,9.0
15.0,1.0,0.0,0.0,0.0,0.0,-1.0,-1.0,1.0,-1.0,1.0,1.0,-1.0,1.0,1.0,1.0,-1.0,-1.0,0.0,1.0,-1.0,1.0,1.0,-1.0,1.0,1.0,-1.0,1.0,1.0,1.0,1.0,1.0,-1.0,46.0,0.0,7.0
